DATETIME,IDENTIFIER,INFO,FILE,USER,LAB,VERSION,TAG1,TAG2,TAG3
"2015-08-26 15:29:37",lab_config_home,X,lab_config_home.php?id=127,53,127,2.91,X,X,X
"2015-08-26 15:29:41",view_stocks,X,view_stocks,53,127,2.91,X,X,X
"2015-08-28 12:17:23",lab_config_home,X,lab_config_home.php?id=127,53,127,2.91,X,X,X
"2015-08-28 12:17:30",view_stocks,X,view_stocks,53,127,2.91,X,X,X
"2015-08-28 12:20:01",reports,X,reports,53,127,2.91,X,X,X
"2015-08-28 12:20:02",reports,X,reports,53,127,2.91,X,X,X
"2015-08-28 12:20:05",catalog,X,catalog,53,127,2.91,X,X,X
"2015-08-28 12:20:08",catalog,X,catalog,53,127,2.91,X,X,X
"2015-08-28 12:20:55",reports,X,reports,53,127,2.91,X,X,X
"2015-08-28 12:20:55",reports,X,reports,53,127,2.91,X,X,X
"2015-08-28 12:21:12",catalog,X,catalog,53,127,2.91,X,X,X
"2015-08-28 12:21:18",lab_config_home,X,lab_config_home.php?id=127,53,127,2.91,X,X,X
"2015-08-28 12:21:22",view_stocks,X,view_stocks,53,127,2.91,X,X,X
"2015-08-28 13:13:27",result_entry_patient_dyn,op=1&qr=a,result_entry_patient_dyn,53,127,2.91,X,X,X
"2015-08-28 13:14:58",lab_config_home,X,lab_config_home.php?id=127,53,127,2.91,X,X,X
"2015-08-28 13:15:02",view_stocks,X,view_stocks,53,127,2.91,X,X,X
"2015-08-28 13:16:12",lab_config_home,X,lab_config_home.php?id=127,53,127,2.91,X,X,X
"2015-08-28 13:16:16",view_stocks,X,view_stocks,53,127,2.91,X,X,X
"2015-08-28 13:16:33",lab_config_home,X,lab_config_home.php?id=127,53,127,2.91,X,X,X
"2015-08-28 13:16:36",view_stocks,X,view_stocks,53,127,2.91,X,X,X
"2015-08-28 13:17:40",lab_config_home,X,lab_config_home.php?id=127&sfcupdate=1,53,127,2.91,X,X,X
"2015-08-28 13:17:44",view_stocks,X,view_stocks,53,127,2.91,X,X,X
"2015-08-28 13:18:32",search,X,search,53,127,2.91,X,X,X
"2015-08-28 13:18:35",search_p_dyn,op=1&qr=a,search_p_dyn,53,127,2.91,X,X,X
"2015-08-28 13:18:37",patient_profile,X,patient_profile.php?pid=1836,53,127,2.91,X,X,X
"2015-08-28 13:19:06",reports_onetesthistory,X,report_onetesthistory.php?ppid=1836&spid=3480,53,127,2.91,X,X,X
"2015-08-28 13:19:41",search,X,search,53,127,2.91,X,X,X
"2015-08-28 13:19:53",reports,X,reports,53,127,2.91,X,X,X
"2015-08-28 13:20:03",search_p_dyn,op=1&qr=a,search_p_dyn,53,127,2.91,X,X,X
"2015-08-28 13:20:07",reports_testhistory,from=2015-08-28&to=2015-08-28&ip=0&viz=,reports_testhistory.php?patient_id=1836&location=127&yf=2015&mf=08&df=28&yt=2015&mt=08&dt=28&ip=0&labsection=0,53,127,2.91,X,X,X
"2015-08-28 13:20:19",search,X,search,53,127,2.91,X,X,X
"2015-08-28 13:20:21",reports,X,reports,53,127,2.91,X,X,X
"2015-08-28 13:20:25",search,X,search,53,127,2.91,X,X,X
"2015-08-28 13:20:27",search,X,search,53,127,2.91,X,X,X
"2015-08-28 13:20:27",search,X,search,53,127,2.91,X,X,X
"2015-08-28 13:20:36",search_p_dyn,op=1&qr=a,search_p_dyn,53,127,2.91,X,X,X
"2015-08-28 13:20:38",patient_profile,X,patient_profile.php?pid=1836,53,127,2.91,X,X,X
"2015-08-28 13:20:40",reports_onetesthistory,X,report_onetesthistory.php?ppid=1836&spid=3480,53,127,2.91,X,X,X
"2015-08-28 13:21:53",reports_testhistory,from=2015-08-28&to=2015-08-28&ip=&viz=,reports_testhistory.php?location=127&patient_id=1836,53,127,2.91,X,X,X
"2015-08-28 13:22:02",search,X,search,53,127,2.91,X,X,X
"2015-08-28 13:22:07",search_p_dyn,op=1&qr=a,search_p_dyn,53,127,2.91,X,X,X
"2015-08-28 13:22:09",patient_profile,X,patient_profile.php?pid=1836,53,127,2.91,X,X,X
"2015-08-28 13:22:12",reports_testhistory,from=2015-08-28&to=2015-08-28&ip=&viz=,reports_testhistory.php?location=127&patient_id=1836,53,127,2.91,X,X,X
"2015-08-28 13:22:16",reports,X,reports,53,127,2.91,X,X,X
"2015-08-28 13:22:19",search_p_dyn,op=1&qr=a,search_p_dyn,53,127,2.91,X,X,X
"2015-08-28 13:22:22",reports_testhistory,from=2015-08-28&to=2015-08-28&ip=0&viz=,reports_testhistory.php?patient_id=1836&location=127&yf=2015&mf=08&df=28&yt=2015&mt=08&dt=28&ip=0&labsection=0,53,127,2.91,X,X,X
"2015-08-28 13:25:19",reports_disease,from=2014-12-01&to=2015-08-28&ct=0,report_disease,53,127,2.91,X,X,X
"2015-08-28 13:25:37",reports_infection,from=2014-12-01&to=2015-08-28,reports_infection,53,Array,2.91,X,X,X
"2015-08-28 13:25:40",reports,X,reports,53,Array,2.91,X,X,X
"2015-08-28 13:25:48",reports_user_stats_all,from=2014-12-01&to=2015-08-28&pr=Yes&sr=Yes&tr=Yes&re=Yes,reports_user_stats_all,53,Array,2.91,X,X,X
"2015-08-28 13:25:50",reports,X,reports,53,Array,2.91,X,X,X
"2015-08-28 13:25:56",daily_log_specimens,from=2015-08-28&to=2015-08-28&ct=0&tt=0,reports_dailyspecimens.php?yt=2015&mt=08&dt=28&yf=2015&mf=08&df=28&l=127&c=0&t=0&ip=0,53,127,2.91,X,X,X
"2015-08-28 13:26:15",reports,X,reports,53,127,2.91,X,X,X
"2015-08-28 13:26:41",result_entry_patient_dyn,op=1&qr=a,result_entry_patient_dyn,53,127,2.91,X,X,X
"2015-08-28 13:27:14",search,X,search,53,127,2.91,X,X,X
"2015-08-28 13:27:17",search_p_dyn,op=1&qr=a,search_p_dyn,53,127,2.91,X,X,X
"2015-08-28 13:27:19",patient_profile,X,patient_profile.php?pid=1836,53,127,2.91,X,X,X
"2015-08-28 13:27:32",new_specimen,pid=1836&dnum=,new_specimen.php?pid=1836&dnum=,53,127,2.91,X,X,X
"2015-08-28 13:27:36",patient_profile,X,patient_profile.php?pid=1836,53,127,2.91,X,X,X
"2015-08-28 13:27:39",reports,X,reports,53,127,2.91,X,X,X
"2015-08-28 13:27:45",result_entry_patient_dyn,op=1&qr=a,result_entry_patient_dyn,53,127,2.91,X,X,X
"2015-08-28 13:33:50",search,X,search,53,127,2.91,X,X,X
"2015-08-28 13:34:01",search_p_dyn,op=1&qr=a,search_p_dyn,53,127,2.91,X,X,X
"2015-08-28 13:34:12",patient_profile,X,patient_profile.php?pid=1836,53,127,2.91,X,X,X
"2015-08-28 13:34:18",reports_testhistory,from=2015-08-28&to=2015-08-28&ip=&viz=,reports_testhistory.php?location=127&patient_id=1836,53,127,2.91,X,X,X
"2015-08-28 13:34:49",specimen_info,X,specimen_info.php?sid=3480,53,127,2.91,X,X,X
"2015-08-28 13:34:56",patient_profile,X,patient_profile.php?pid=1836,53,127,2.91,X,X,X
"2015-08-28 13:34:59",reports_onetesthistory,X,report_onetesthistory.php?ppid=1836&spid=3480,53,127,2.91,X,X,X
"2015-08-28 13:47:47",reports_onetesthistory,X,report_onetesthistory.php?ppid=1836&spid=3480,53,127,2.91,X,X,X
"2015-08-28 13:48:36",reports,X,reports,53,127,2.91,X,X,X
"2015-08-28 13:48:46",search_p_dyn,op=1&qr=a,search_p_dyn,53,127,2.91,X,X,X
"2015-08-28 13:48:58",reports_testhistory,from=2015-08-28&to=2015-08-28&ip=0&viz=,reports_testhistory.php?patient_id=1836&location=127&yf=2015&mf=08&df=28&yt=2015&mt=08&dt=28&ip=0&labsection=0,53,127,2.91,X,X,X
"2015-08-28 13:49:12",daily_log_patients,from=2015-08-28&to=2015-08-28,reports_dailypatients.php?yt=2015&mt=08&dt=28&yf=2015&mf=08&df=28&l=127&labsec=0,53,127,2.91,X,X,X
"2015-08-28 13:49:42",reports,X,reports,53,127,2.91,X,X,X
"2015-08-28 13:49:45",search_p_dyn,op=1&qr=a,search_p_dyn,53,127,2.91,X,X,X
"2015-08-28 13:49:50",reports_testhistory,from=2015-08-28&to=2015-08-28&ip=0&viz=,reports_testhistory.php?patient_id=1836&location=127&yf=2015&mf=08&df=28&yt=2015&mt=08&dt=28&ip=0&labsection=0,53,127,2.91,X,X,X
"2015-08-28 13:50:57",reports_testhistory,from=2015-08-28&to=2015-08-28&ip=0&viz=,reports_testhistory.php?patient_id=1836&location=127&yf=2015&mf=08&df=28&yt=2015&mt=08&dt=28&ip=0&labsection=0,53,127,2.91,X,X,X
"2015-08-28 13:51:03",search,X,search,53,127,2.91,X,X,X
"2015-08-28 13:51:04",search_p_dyn,op=1&qr=a,search_p_dyn,53,127,2.91,X,X,X
"2015-08-28 13:51:05",patient_profile,X,patient_profile.php?pid=1836,53,127,2.91,X,X,X
"2015-08-28 13:51:08",reports_testhistory,from=2015-08-28&to=2015-08-28&ip=&viz=,reports_testhistory.php?location=127&patient_id=1836,53,127,2.91,X,X,X
"2015-08-28 13:51:32",reports_onetesthistory,X,report_onetesthistory.php?ppid=1836&spid=3480,53,127,2.91,X,X,X
"2015-08-28 13:51:39",reports,X,reports,53,127,2.91,X,X,X
"2015-08-28 13:51:44",search_p_dyn,op=1&qr=a,search_p_dyn,53,127,2.91,X,X,X
"2015-08-28 13:51:46",reports_testhistory,from=2015-08-28&to=2015-08-28&ip=0&viz=,reports_testhistory.php?patient_id=1836&location=127&yf=2015&mf=08&df=28&yt=2015&mt=08&dt=28&ip=0&labsection=0,53,127,2.91,X,X,X
"2015-08-28 13:51:52",reports_testhistory,from=2015-08-28&to=2015-08-28&ip=0&viz=,reports_testhistory.php?patient_id=2512&location=127&yf=2015&mf=08&df=28&yt=2015&mt=08&dt=28&ip=0&labsection=0,53,127,2.91,X,X,X
"2015-08-28 13:52:00",reports_testhistory,from=2015-08-28&to=2015-08-28&ip=0&viz=,reports_testhistory.php?patient_id=911&location=127&yf=2015&mf=08&df=28&yt=2015&mt=08&dt=28&ip=0&labsection=0,53,127,2.91,X,X,X
"2015-08-28 13:54:09",search,X,search,53,127,2.91,X,X,X
"2015-08-28 13:54:11",search_p_dyn,op=1&qr=a,search_p_dyn,53,127,2.91,X,X,X
"2015-08-28 13:54:13",patient_profile,X,patient_profile.php?pid=1836,53,127,2.91,X,X,X
"2015-08-28 13:54:23",result_entry_patient_dyn,op=1&qr=a,result_entry_patient_dyn,53,127,2.91,X,X,X
"2015-08-28 13:55:34",result_entry_patient_lab_section,labSectionId=8,result_entry_patient_lab_section,53,127,2.91,X,X,X
"2015-08-28 13:55:41",result_entry_patient_lab_section,labSectionId=6,result_entry_patient_lab_section,53,127,2.91,X,X,X
"2015-08-28 13:56:04",patient_profile,X,patient_profile.php?pid=1836,53,127,2.91,X,X,X
"2015-08-28 14:07:08",search,X,search,53,127,2.91,X,X,X
"2015-09-02 20:58:39",lab_config_home,X,lab_config_home.php?id=127,53,127,2.91,X,X,X
"2015-09-02 20:58:43",view_stocks,X,view_stocks,53,127,2.91,X,X,X
"2015-09-02 20:59:06",reports,X,reports,53,127,2.91,X,X,X
"2015-09-02 21:07:44",search,X,search,53,127,2.91,X,X,X
"2015-09-02 21:07:54",search_p_dyn,op=1&qr=a,search_p_dyn,53,127,2.91,X,X,X
"2015-09-02 21:14:31",search_p_dyn,op=1&qr=a,search_p_dyn,53,127,2.91,X,X,X
"2015-09-02 21:21:47",patient_profile,X,patient_profile.php?pid=1508,53,127,2.91,X,X,X
"2015-09-02 21:56:09",reports_testhistory,from=2015-09-02&to=2015-09-02&ip=&viz=,reports_testhistory.php?location=127&patient_id=1508,53,127,2.91,X,X,X
"2015-09-02 21:57:28",reports_testhistory,from=2009-10-02&to=2011-07-25&ip=0&viz=1,reports_testhistory.php?location=127&patient_id=1508&yf=2009&mf=10&df=02&yt=2011&mt=07&dt=25&ip=0&viz=1,53,127,2.91,X,X,X
"2015-09-02 21:57:35",reports_testhistory,"from=2009-10-02&to=2011-07-25&ip=0&viz=[object HTMLInputElement]",reports_testhistory.php?location=127&patient_id=1508&yf=2009&mf=10&df=02&yt=2011&mt=07&dt=25&ip=0&viz=[object%20HTMLInputElement],53,127,2.91,X,X,X
"2015-09-02 21:59:21",reports_testhistory,"from=2009-10-02&to=2011-07-25&ip=0&viz=[object HTMLInputElement]",reports_testhistory.php?location=127&patient_id=1508&yf=2009&mf=10&df=02&yt=2011&mt=07&dt=25&ip=0&viz=[object%20HTMLInputElement],53,127,2.91,X,X,X
"2015-09-02 22:03:14",reports_testhistory,"from=2009-10-02&to=2011-07-25&ip=0&viz=[object HTMLInputElement]",reports_testhistory.php?location=127&patient_id=1508&yf=2009&mf=10&df=02&yt=2011&mt=07&dt=25&ip=0&viz=[object%20HTMLInputElement],53,127,2.91,X,X,X
"2015-09-02 22:17:56",reports_testhistory,"from=2009-10-02&to=2011-07-25&ip=0&viz=[object HTMLInputElement]",reports_testhistory.php?location=127&patient_id=1508&yf=2009&mf=10&df=02&yt=2011&mt=07&dt=25&ip=0&viz=[object%20HTMLInputElement],53,127,2.91,X,X,X
"2015-09-02 22:18:05",reports_testhistory,"from=2009-10-02&to=2011-07-25&ip=0&viz=[object HTMLInputElement]",reports_testhistory.php?location=127&patient_id=1508&yf=2009&mf=10&df=02&yt=2011&mt=07&dt=25&ip=0&viz=[object%20HTMLInputElement],53,127,2.91,X,X,X
"2015-09-02 22:18:20",reports_testhistory,"from=2009-10-02&to=2011-07-25&ip=0&viz=[object HTMLInputElement]",reports_testhistory.php?location=127&patient_id=1508&yf=2009&mf=10&df=02&yt=2011&mt=07&dt=25&ip=0&viz=[object%20HTMLInputElement],53,127,2.91,X,X,X
"2015-09-02 22:19:57",reports_testhistory,"from=2009-10-02&to=2011-07-25&ip=0&viz=[object HTMLInputElement]",reports_testhistory.php?location=127&patient_id=1508&yf=2009&mf=10&df=02&yt=2011&mt=07&dt=25&ip=0&viz=[object%20HTMLInputElement],53,127,2.91,X,X,X
"2015-09-02 22:20:24",reports_testhistory,"from=2009-10-02&to=2011-07-25&ip=0&viz=[object HTMLInputElement]",reports_testhistory.php?location=127&patient_id=1508&yf=2009&mf=10&df=02&yt=2011&mt=07&dt=25&ip=0&viz=[object%20HTMLInputElement],53,127,2.91,X,X,X
"2015-09-02 22:22:42",reports_testhistory,"from=2009-10-02&to=2011-07-25&ip=0&viz=[object HTMLInputElement]",reports_testhistory.php?location=127&patient_id=1508&yf=2009&mf=10&df=02&yt=2011&mt=07&dt=25&ip=0&viz=[object%20HTMLInputElement],53,127,2.91,X,X,X
"2015-09-02 22:59:58",reports_testhistory,from=2015-09-02&to=2015-09-02&ip=&viz=,reports_testhistory.php?location=127&patient_id=1508,53,127,2.91,X,X,X
"2015-09-02 23:00:01",reports_testhistory,from=2015-09-02&to=2015-09-02&ip=&viz=,reports_testhistory.php?location=127&patient_id=1508,53,127,2.91,X,X,X
"2015-09-02 23:02:51",reports_testhistory,from=2015-09-02&to=2015-09-02&ip=&viz=,reports_testhistory.php?location=127&patient_id=1508,53,127,2.91,X,X,X
"2015-09-02 23:03:22",reports_testhistory,from=2015-09-02&to=2015-09-02&ip=&viz=,reports_testhistory.php?location=127&patient_id=1508,53,127,2.91,X,X,X
"2015-09-02 23:03:48",reports_testhistory,from=2015-09-02&to=2015-09-02&ip=&viz=,reports_testhistory.php?location=127&patient_id=1508,53,127,2.91,X,X,X
"2015-09-02 23:04:42",reports_testhistory,from=2015-09-02&to=2015-09-02&ip=&viz=,reports_testhistory.php?location=127&patient_id=1508,53,127,2.91,X,X,X
"2015-09-02 23:06:12",reports_testhistory,from=2015-09-02&to=2015-09-02&ip=&viz=,reports_testhistory.php?location=127&patient_id=1508,53,127,2.91,X,X,X
"2015-09-02 23:07:24",reports_testhistory,from=2015-09-02&to=2015-09-02&ip=&viz=,reports_testhistory.php?location=127&patient_id=1508,53,127,2.91,X,X,X
"2015-09-02 23:08:18",reports_testhistory,from=2015-09-02&to=2015-09-02&ip=&viz=,reports_testhistory.php?location=127&patient_id=1508,53,127,2.91,X,X,X
"2015-09-02 23:10:07",reports_testhistory,from=2015-09-02&to=2015-09-02&ip=&viz=,reports_testhistory.php?location=127&patient_id=1508,53,127,2.91,X,X,X
"2015-09-02 23:11:18",reports_testhistory,from=2015-09-02&to=2015-09-02&ip=&viz=,reports_testhistory.php?location=127&patient_id=1508,53,127,2.91,X,X,X
"2015-09-02 23:11:40",reports_testhistory,from=2015-09-02&to=2015-09-02&ip=&viz=,reports_testhistory.php?location=127&patient_id=1508,53,127,2.91,X,X,X
"2015-09-02 23:12:02",reports_testhistory,from=2015-09-02&to=2015-09-02&ip=&viz=,reports_testhistory.php?location=127&patient_id=1508,53,127,2.91,X,X,X
"2015-09-02 23:12:31",reports_testhistory,from=2015-09-02&to=2015-09-02&ip=&viz=,reports_testhistory.php?location=127&patient_id=1508,53,127,2.91,X,X,X
"2015-09-02 23:15:27",reports_testhistory,from=2015-09-02&to=2015-09-02&ip=&viz=,reports_testhistory.php?location=127&patient_id=1508,53,127,2.91,X,X,X
"2015-09-02 23:27:01",reports_testhistory,from=2015-09-02&to=2015-09-02&ip=&viz=,reports_testhistory.php?location=127&patient_id=1508,53,127,2.91,X,X,X
"2015-09-02 23:27:26",reports_testhistory,from=2015-09-02&to=2015-09-02&ip=&viz=,reports_testhistory.php?location=127&patient_id=1508,53,127,2.91,X,X,X
"2015-09-02 23:27:54",reports_testhistory,from=2015-09-02&to=2015-09-02&ip=&viz=,reports_testhistory.php?location=127&patient_id=1508,53,127,2.91,X,X,X
"2015-09-02 23:28:38",reports_testhistory,from=2015-09-02&to=2015-09-02&ip=&viz=,reports_testhistory.php?location=127&patient_id=1508,53,127,2.91,X,X,X
"2015-09-02 23:29:09",reports_testhistory,from=2015-09-02&to=2015-09-02&ip=&viz=,reports_testhistory.php?location=127&patient_id=1508,53,127,2.91,X,X,X
"2015-09-02 23:30:03",reports_testhistory,from=2015-09-02&to=2015-09-02&ip=&viz=,reports_testhistory.php?location=127&patient_id=1508,53,127,2.91,X,X,X
"2015-09-02 23:31:11",reports_testhistory,from=2015-09-02&to=2015-09-02&ip=&viz=,reports_testhistory.php?location=127&patient_id=1508,53,127,2.91,X,X,X
"2015-09-02 23:31:22",reports_testhistory,from=2015-09-02&to=2015-09-02&ip=&viz=,reports_testhistory.php?location=127&patient_id=1508,53,127,2.91,X,X,X
"2015-09-02 23:32:33",reports_testhistory,from=2015-09-02&to=2015-09-02&ip=&viz=,reports_testhistory.php?location=127&patient_id=1508,53,127,2.91,X,X,X
"2015-09-02 23:33:36",reports_testhistory,from=2015-09-02&to=2015-09-02&ip=&viz=,reports_testhistory.php?location=127&patient_id=1508,53,127,2.91,X,X,X
"2015-09-02 23:34:34",reports_testhistory,from=2015-09-02&to=2015-09-02&ip=&viz=,reports_testhistory.php?location=127&patient_id=1508,53,127,2.91,X,X,X
"2015-09-02 23:34:59",reports_testhistory,from=2015-09-02&to=2015-09-02&ip=&viz=,reports_testhistory.php?location=127&patient_id=1508,53,127,2.91,X,X,X
"2015-09-02 23:35:33",reports_testhistory,from=2015-09-02&to=2015-09-02&ip=&viz=,reports_testhistory.php?location=127&patient_id=1508,53,127,2.91,X,X,X
"2015-09-02 23:36:49",reports_testhistory,from=2015-09-02&to=2015-09-02&ip=&viz=,reports_testhistory.php?location=127&patient_id=1508,53,127,2.91,X,X,X
"2015-09-02 23:37:13",reports_testhistory,from=2015-09-02&to=2015-09-02&ip=&viz=,reports_testhistory.php?location=127&patient_id=1508,53,127,2.91,X,X,X
"2015-09-02 23:39:29",reports_onetesthistory,X,report_onetesthistory.php?ppid=1508&spid=5374,53,127,2.91,X,X,X
"2015-09-02 23:41:57",reports_testhistory,from=2015-09-02&to=2015-09-02&ip=&viz=,reports_testhistory.php?location=127&patient_id=1508,53,127,2.91,X,X,X
"2015-09-02 23:42:25",reports_onetesthistory,X,report_onetesthistory.php?ppid=1508&spid=4083,53,127,2.91,X,X,X
"2015-09-02 23:44:55",reports_onetesthistory,X,report_onetesthistory.php?ppid=1508&spid=4083,53,127,2.91,X,X,X
"2015-09-02 23:46:22",reports_onetesthistory,X,report_onetesthistory.php?ppid=1508&spid=3601,53,127,2.91,X,X,X
"2015-09-02 23:46:45",reports_onetesthistory,X,report_onetesthistory.php?ppid=1508&spid=3601,53,127,2.91,X,X,X
"2015-09-02 23:47:09",reports,X,reports,53,127,2.91,X,X,X
"2015-09-02 23:47:22",search_p_dyn,op=1&qr=a,search_p_dyn,53,127,2.91,X,X,X
"2015-09-02 23:47:36",reports_testhistory,from=2015-09-02&to=2015-09-02&ip=0&viz=,reports_testhistory.php?patient_id=1836&location=127&yf=2015&mf=09&df=02&yt=2015&mt=09&dt=02&ip=0&labsection=0,53,127,2.91,X,X,X
"2015-09-02 23:49:19",reports,X,reports,53,127,2.91,X,X,X
"2015-09-02 23:49:22",search_p_dyn,op=1&qr=a,search_p_dyn,53,127,2.91,X,X,X
"2015-09-02 23:49:24",reports_testhistory,from=2015-09-02&to=2015-09-02&ip=0&viz=,reports_testhistory.php?patient_id=1836&location=127&yf=2015&mf=09&df=02&yt=2015&mt=09&dt=02&ip=0&labsection=0,53,127,2.91,X,X,X
"2015-09-02 23:55:10",search_p_dyn,op=1&qr=a,search_p_dyn,53,127,2.91,X,X,X
"2015-09-02 23:55:25",result_entry_patient_dyn,op=1&qr=a,result_entry_patient_dyn,53,127,2.91,X,X,X
"2015-09-03 00:03:39",result_entry_patient_dyn,op=1&qr=a,result_entry_patient_dyn,53,127,2.91,X,X,X
"2015-09-03 00:38:10",search,X,search,53,127,2.91,X,X,X
"2015-09-03 00:38:15",search,X,search,53,127,2.91,X,X,X
"2015-09-03 00:38:15",reports,X,reports,53,127,2.91,X,X,X
"2015-09-03 00:38:19",search_p_dyn,op=1&qr=a,search_p_dyn,53,127,2.91,X,X,X
"2015-09-03 00:38:56",result_entry_patient_dyn,op=1&qr=a,result_entry_patient_dyn,53,127,2.91,X,X,X
"2015-09-03 00:58:05",lab_config_home,X,lab_config_home.php?id=127,53,127,2.91,X,X,X
"2015-09-03 00:58:08",view_stocks,X,view_stocks,53,127,2.91,X,X,X
"2015-09-03 01:04:24",reports,X,reports,53,127,2.91,X,X,X
"2015-09-03 01:04:28",search_p_dyn,op=1&qr=a,search_p_dyn,53,127,2.91,X,X,X
"2015-09-03 01:04:31",reports,X,reports,53,127,2.91,X,X,X
"2015-09-03 01:04:48",search_p_dyn,op=1&qr=a,search_p_dyn,53,127,2.91,X,X,X
"2015-09-03 01:04:51",reports_testhistory,from=2015-09-03&to=2015-09-03&ip=0&viz=,reports_testhistory.php?patient_id=1836&location=127&yf=2015&mf=09&df=03&yt=2015&mt=09&dt=03&ip=0&labsection=0,53,127,2.91,X,X,X
"2015-09-03 01:05:49",search,X,search,53,127,2.91,X,X,X
"2015-09-03 01:05:51",search_p_dyn,op=1&qr=a,search_p_dyn,53,127,2.91,X,X,X
"2015-09-03 01:05:53",patient_profile,X,patient_profile.php?pid=1836,53,127,2.91,X,X,X
"2015-09-03 01:05:55",reports_testhistory,from=2015-09-03&to=2015-09-03&ip=&viz=,reports_testhistory.php?location=127&patient_id=1836,53,127,2.91,X,X,X
"2015-09-03 01:07:15",reports_testhistory,from=2015-09-03&to=2015-09-03&ip=&viz=,reports_testhistory.php?location=127&patient_id=1836,53,127,2.91,X,X,X
"2015-09-03 11:17:41",reports_testhistory,from=2015-09-03&to=2015-09-03&ip=&viz=,reports_testhistory.php?location=127&patient_id=1836,53,127,2.91,X,X,X
"2015-09-03 11:18:39",lab_config_home,X,lab_config_home.php?id=127,53,127,2.91,X,X,X
"2015-09-03 11:18:44",view_stocks,X,view_stocks,53,127,2.91,X,X,X
"2015-09-04 18:03:59",search,X,search,53,127,2.91,X,X,X
"2015-09-04 18:04:01",search_p_dyn,op=1&qr=a,search_p_dyn,53,127,2.91,X,X,X
"2015-09-04 18:04:13",patient_profile,X,patient_profile.php?pid=1508,53,127,2.91,X,X,X
"2015-09-04 18:10:05",reports_testhistory,from=2015-09-04&to=2015-09-04&ip=&viz=,reports_testhistory.php?location=127&patient_id=1508,53,127,2.91,X,X,X
"2015-09-04 18:14:28",search,X,search,53,127,2.91,X,X,X
"2015-09-04 18:14:30",search_p_dyn,op=1&qr=a,search_p_dyn,53,127,2.91,X,X,X
"2015-09-04 18:14:33",patient_profile,X,patient_profile.php?pid=1785,53,127,2.91,X,X,X
"2015-09-04 18:14:40",reports_testhistory,from=2015-09-04&to=2015-09-04&ip=&viz=,reports_testhistory.php?location=127&patient_id=1785,53,127,2.91,X,X,X
"2015-09-09 21:40:44",lab_config_home,X,lab_config_home.php?id=127,53,127,2.91,X,X,X
"2015-09-09 21:40:49",view_stocks,X,view_stocks,53,127,2.91,X,X,X
"2015-09-09 22:28:00",lab_config_home,X,lab_config_home.php?id=127,53,127,2.91,X,X,X
"2015-09-09 22:28:03",view_stocks,X,view_stocks,53,127,2.91,X,X,X
"2015-09-09 22:35:02",lab_config_home,X,lab_config_home.php?id=127,53,127,2.91,X,X,X
"2015-09-09 22:35:06",view_stocks,X,view_stocks,53,127,2.91,X,X,X
"2015-09-09 22:35:27",lab_config_home,X,lab_config_home.php?id=127,53,127,2.91,X,X,X
"2015-09-09 22:35:30",view_stocks,X,view_stocks,53,127,2.91,X,X,X
"2015-09-09 22:37:15",lab_config_home,X,lab_config_home.php?id=127,53,127,2.91,X,X,X
"2015-09-09 22:37:18",view_stocks,X,view_stocks,53,127,2.91,X,X,X
"2015-09-09 22:38:06",lab_config_home,X,lab_config_home.php?id=127,53,127,2.91,X,X,X
"2015-09-09 22:38:09",view_stocks,X,view_stocks,53,127,2.91,X,X,X
"2015-09-09 22:39:33",lab_config_home,X,lab_config_home.php?id=127,53,127,2.91,X,X,X
"2015-09-09 22:39:36",view_stocks,X,view_stocks,53,127,2.91,X,X,X
"2015-09-09 22:39:54",lab_config_home,X,lab_config_home.php?id=127,53,127,2.91,X,X,X
"2015-09-09 22:39:57",view_stocks,X,view_stocks,53,127,2.91,X,X,X
"2015-09-09 22:50:46",lab_config_home,X,lab_config_home.php?id=127,53,127,2.91,X,X,X
"2015-09-09 22:50:49",view_stocks,X,view_stocks,53,127,2.91,X,X,X
"2015-09-09 22:52:32",lab_config_home,X,lab_config_home.php?id=127,53,127,2.91,X,X,X
"2015-09-09 22:52:35",view_stocks,X,view_stocks,53,127,2.91,X,X,X
"2015-09-09 22:58:15",lab_config_home,X,lab_config_home.php?id=127&rcfgupdate=1,53,127,2.91,X,X,X
"2015-09-09 22:58:19",view_stocks,X,view_stocks,53,127,2.91,X,X,X
"2015-09-09 22:58:33",lab_config_home,X,lab_config_home.php?id=127&rcfgupdate=1,53,127,2.91,X,X,X
"2015-09-09 22:58:36",view_stocks,X,view_stocks,53,127,2.91,X,X,X
"2015-09-09 23:00:02",lab_config_home,X,lab_config_home.php?id=127&rcfgupdate=1,53,127,2.91,X,X,X
"2015-09-09 23:00:06",view_stocks,X,view_stocks,53,127,2.91,X,X,X
"2015-09-09 23:01:15",lab_config_home,X,lab_config_home.php?id=127&rcfgupdate=1,53,127,2.91,X,X,X
"2015-09-09 23:01:18",view_stocks,X,view_stocks,53,127,2.91,X,X,X
"2015-09-09 23:01:27",lab_config_home,X,lab_config_home.php?id=127&rcfgupdate=1,53,127,2.91,X,X,X
"2015-09-09 23:01:30",view_stocks,X,view_stocks,53,127,2.91,X,X,X
"2015-09-09 23:01:35",lab_config_home,X,lab_config_home.php?id=127&rcfgupdate=1,53,127,2.91,X,X,X
"2015-09-09 23:01:38",view_stocks,X,view_stocks,53,127,2.91,X,X,X
"2015-09-09 23:23:11",reports,X,reports,53,127,2.91,X,X,X
"2015-09-09 23:23:16",search_p_dyn,op=1&qr=a,search_p_dyn,53,127,2.91,X,X,X
"2015-09-09 23:23:18",reports_testhistory,from=2015-09-09&to=2015-09-09&ip=0&viz=,reports_testhistory.php?patient_id=1836&location=127&yf=2015&mf=09&df=09&yt=2015&mt=09&dt=09&ip=0&labsection=0,53,127,2.91,X,X,X
"2015-09-09 23:24:10",reports_testhistory,from=2015-09-09&to=2015-09-09&ip=0&viz=,reports_testhistory.php?patient_id=1836&location=127&yf=2015&mf=09&df=09&yt=2015&mt=09&dt=09&ip=0&labsection=0,53,127,2.91,X,X,X
"2015-09-09 23:24:45",reports_testhistory,from=2015-09-09&to=2015-09-09&ip=0&viz=,reports_testhistory.php?patient_id=1836&location=127&yf=2015&mf=09&df=09&yt=2015&mt=09&dt=09&ip=0&labsection=0,53,127,2.91,X,X,X
"2015-09-09 23:25:19",reports_testhistory,from=2015-09-09&to=2015-09-09&ip=0&viz=,reports_testhistory.php?patient_id=1836&location=127&yf=2015&mf=09&df=09&yt=2015&mt=09&dt=09&ip=0&labsection=0,53,127,2.91,X,X,X
"2015-09-09 23:26:13",reports_testhistory,from=2015-09-09&to=2015-09-09&ip=0&viz=,reports_testhistory.php?patient_id=1836&location=127&yf=2015&mf=09&df=09&yt=2015&mt=09&dt=09&ip=0&labsection=0,53,127,2.91,X,X,X
"2015-09-09 23:27:27",reports_testhistory,from=2015-09-09&to=2015-09-09&ip=0&viz=,reports_testhistory.php?patient_id=1836&location=127&yf=2015&mf=09&df=09&yt=2015&mt=09&dt=09&ip=0&labsection=0,53,127,2.91,X,X,X
"2015-09-09 23:27:29",reports,X,reports,53,127,2.91,X,X,X
"2015-09-09 23:27:34",search_p_dyn,op=1&qr=a,search_p_dyn,53,127,2.91,X,X,X
"2015-09-09 23:27:37",reports_testhistory,from=2015-09-09&to=2015-09-09&ip=0&viz=,reports_testhistory.php?patient_id=1836&location=127&yf=2015&mf=09&df=09&yt=2015&mt=09&dt=09&ip=0&labsection=0,53,127,2.91,X,X,X
"2015-09-09 23:28:07",reports_testhistory,from=2015-09-09&to=2015-09-09&ip=0&viz=,reports_testhistory.php?patient_id=1836&location=127&yf=2015&mf=09&df=09&yt=2015&mt=09&dt=09&ip=0&labsection=0,53,127,2.91,X,X,X
"2015-09-09 23:28:27",reports_testhistory,from=2015-09-09&to=2015-09-09&ip=0&viz=,reports_testhistory.php?patient_id=1836&location=127&yf=2015&mf=09&df=09&yt=2015&mt=09&dt=09&ip=0&labsection=0,53,127,2.91,X,X,X
"2015-09-09 23:28:43",reports_testhistory,from=2015-09-09&to=2015-09-09&ip=0&viz=,reports_testhistory.php?patient_id=1836&location=127&yf=2015&mf=09&df=09&yt=2015&mt=09&dt=09&ip=0&labsection=0,53,127,2.91,X,X,X
"2015-09-09 23:28:51",lab_config_home,X,lab_config_home.php?id=127,53,127,2.91,X,X,X
"2015-09-09 23:28:55",view_stocks,X,view_stocks,53,127,2.91,X,X,X
"2015-09-09 23:29:00",lab_config_home,X,lab_config_home.php?id=127&rcfgupdate=1,53,127,2.91,X,X,X
"2015-09-09 23:29:04",view_stocks,X,view_stocks,53,127,2.91,X,X,X
"2015-09-09 23:29:10",reports,X,reports,53,127,2.91,X,X,X
"2015-09-09 23:29:13",search_p_dyn,op=1&qr=a,search_p_dyn,53,127,2.91,X,X,X
"2015-09-09 23:29:16",reports_testhistory,from=2015-09-09&to=2015-09-09&ip=0&viz=,reports_testhistory.php?patient_id=1836&location=127&yf=2015&mf=09&df=09&yt=2015&mt=09&dt=09&ip=0&labsection=0,53,127,2.91,X,X,X
"2015-09-09 23:30:09",reports_testhistory,from=2015-09-09&to=2015-09-09&ip=0&viz=,reports_testhistory.php?patient_id=1836&location=127&yf=2015&mf=09&df=09&yt=2015&mt=09&dt=09&ip=0&labsection=0,53,127,2.91,X,X,X
"2015-09-09 23:30:27",reports_testhistory,from=2015-09-09&to=2015-09-09&ip=0&viz=,reports_testhistory.php?patient_id=1836&location=127&yf=2015&mf=09&df=09&yt=2015&mt=09&dt=09&ip=0&labsection=0,53,127,2.91,X,X,X
"2015-09-09 23:31:15",reports_testhistory,from=2015-09-09&to=2015-09-09&ip=0&viz=,reports_testhistory.php?patient_id=1836&location=127&yf=2015&mf=09&df=09&yt=2015&mt=09&dt=09&ip=0&labsection=0,53,127,2.91,X,X,X
"2015-09-09 23:31:46",reports_testhistory,from=2015-09-09&to=2015-09-09&ip=0&viz=,reports_testhistory.php?patient_id=1836&location=127&yf=2015&mf=09&df=09&yt=2015&mt=09&dt=09&ip=0&labsection=0,53,127,2.91,X,X,X
"2015-09-09 23:32:21",reports_testhistory,from=2015-09-09&to=2015-09-09&ip=0&viz=,reports_testhistory.php?patient_id=1836&location=127&yf=2015&mf=09&df=09&yt=2015&mt=09&dt=09&ip=0&labsection=0,53,127,2.91,X,X,X
"2015-09-09 23:32:44",lab_config_home,X,lab_config_home.php?id=127,53,127,2.91,X,X,X
"2015-09-09 23:32:48",view_stocks,X,view_stocks,53,127,2.91,X,X,X
"2015-09-09 23:32:57",lab_config_home,X,lab_config_home.php?id=127&rcfgupdate=1,53,127,2.91,X,X,X
"2015-09-09 23:33:01",view_stocks,X,view_stocks,53,127,2.91,X,X,X
"2015-09-09 23:33:03",reports,X,reports,53,127,2.91,X,X,X
"2015-09-09 23:33:07",search_p_dyn,op=1&qr=a,search_p_dyn,53,127,2.91,X,X,X
"2015-09-09 23:33:10",reports_testhistory,from=2015-09-09&to=2015-09-09&ip=0&viz=,reports_testhistory.php?patient_id=1836&location=127&yf=2015&mf=09&df=09&yt=2015&mt=09&dt=09&ip=0&labsection=0,53,127,2.91,X,X,X
"2015-09-09 23:49:15",lab_config_home,X,lab_config_home.php?id=127,53,127,2.91,X,X,X
"2015-09-09 23:49:19",view_stocks,X,view_stocks,53,127,2.91,X,X,X
"2015-09-09 23:49:25",reports,X,reports,53,127,2.91,X,X,X
"2015-09-09 23:49:29",search_p_dyn,op=1&qr=a,search_p_dyn,53,127,2.91,X,X,X
"2015-09-09 23:49:31",reports_testhistory,from=2015-09-09&to=2015-09-09&ip=0&viz=,reports_testhistory.php?patient_id=1836&location=127&yf=2015&mf=09&df=09&yt=2015&mt=09&dt=09&ip=0&labsection=0,53,127,2.91,X,X,X
"2015-09-09 23:56:35",reports,X,reports,53,127,2.91,X,X,X
"2015-09-09 23:57:00",reports,X,reports,53,127,2.91,X,X,X
"2015-09-09 23:57:02",lab_config_home,X,lab_config_home.php?id=127,53,127,2.91,X,X,X
"2015-09-09 23:57:05",reports,X,reports,53,127,2.91,X,X,X
"2015-09-09 23:57:06",view_stocks,X,view_stocks,53,127,2.91,X,X,X
"2015-09-09 23:57:06",reports,X,reports,53,127,2.91,X,X,X
"2015-09-09 23:57:08",search_p_dyn,op=1&qr=a,search_p_dyn,53,127,2.91,X,X,X
"2015-09-09 23:57:11",reports_testhistory,from=2015-09-09&to=2015-09-09&ip=0&viz=,reports_testhistory.php?patient_id=1836&location=127&yf=2015&mf=09&df=09&yt=2015&mt=09&dt=09&ip=0&labsection=0,53,127,2.91,X,X,X
"2015-09-09 23:57:30",reports_testhistory,from=2015-09-09&to=2015-09-09&ip=0&viz=,reports_testhistory.php?patient_id=1836&location=127&yf=2015&mf=09&df=09&yt=2015&mt=09&dt=09&ip=0&labsection=0,53,127,2.91,X,X,X
"2015-09-10 00:00:24",reports_testhistory,from=2015-09-09&to=2015-09-09&ip=0&viz=,reports_testhistory.php?patient_id=1836&location=127&yf=2015&mf=09&df=09&yt=2015&mt=09&dt=09&ip=0&labsection=0,53,127,2.91,X,X,X
"2015-09-10 00:05:30",reports_testhistory,from=2015-09-09&to=2015-09-09&ip=0&viz=,reports_testhistory.php?patient_id=1836&location=127&yf=2015&mf=09&df=09&yt=2015&mt=09&dt=09&ip=0&labsection=0,53,127,2.91,X,X,X
"2015-09-10 00:07:22",reports_testhistory,from=2015-09-09&to=2015-09-09&ip=0&viz=,reports_testhistory.php?patient_id=1836&location=127&yf=2015&mf=09&df=09&yt=2015&mt=09&dt=09&ip=0&labsection=0,53,127,2.91,X,X,X
"2015-09-10 00:08:20",reports_testhistory,from=2015-09-09&to=2015-09-09&ip=0&viz=,reports_testhistory.php?patient_id=1836&location=127&yf=2015&mf=09&df=09&yt=2015&mt=09&dt=09&ip=0&labsection=0,53,127,2.91,X,X,X
"2015-09-10 00:16:59",reports_testhistory,from=2015-09-09&to=2015-09-09&ip=0&viz=,reports_testhistory.php?patient_id=1836&location=127&yf=2015&mf=09&df=09&yt=2015&mt=09&dt=09&ip=0&labsection=0,53,127,2.91,X,X,X
"2015-09-10 00:17:53",reports_testhistory,from=2015-09-09&to=2015-09-09&ip=0&viz=,reports_testhistory.php?patient_id=1836&location=127&yf=2015&mf=09&df=09&yt=2015&mt=09&dt=09&ip=0&labsection=0,53,127,2.91,X,X,X
"2015-09-10 00:21:30",reports_testhistory,from=2015-09-09&to=2015-09-09&ip=0&viz=,reports_testhistory.php?patient_id=1836&location=127&yf=2015&mf=09&df=09&yt=2015&mt=09&dt=09&ip=0&labsection=0,53,127,2.91,X,X,X
"2015-09-10 00:22:06",reports_testhistory,from=2015-09-09&to=2015-09-09&ip=0&viz=,reports_testhistory.php?patient_id=1836&location=127&yf=2015&mf=09&df=09&yt=2015&mt=09&dt=09&ip=0&labsection=0,53,127,2.91,X,X,X
"2015-09-10 00:23:51",reports_testhistory,from=2015-09-09&to=2015-09-09&ip=0&viz=,reports_testhistory.php?patient_id=1836&location=127&yf=2015&mf=09&df=09&yt=2015&mt=09&dt=09&ip=0&labsection=0,53,127,2.91,X,X,X
"2015-09-10 00:24:30",reports_testhistory,from=2015-09-09&to=2015-09-09&ip=0&viz=,reports_testhistory.php?patient_id=1836&location=127&yf=2015&mf=09&df=09&yt=2015&mt=09&dt=09&ip=0&labsection=0,53,127,2.91,X,X,X
"2015-09-10 00:25:51",reports_testhistory,from=2015-09-09&to=2015-09-09&ip=0&viz=,reports_testhistory.php?patient_id=1836&location=127&yf=2015&mf=09&df=09&yt=2015&mt=09&dt=09&ip=0&labsection=0,53,127,2.91,X,X,X
"2015-09-10 00:26:12",reports_testhistory,from=2015-09-09&to=2015-09-09&ip=0&viz=,reports_testhistory.php?patient_id=1836&location=127&yf=2015&mf=09&df=09&yt=2015&mt=09&dt=09&ip=0&labsection=0,53,127,2.91,X,X,X
"2015-09-10 00:28:18",reports_testhistory,from=2015-09-09&to=2015-09-09&ip=0&viz=,reports_testhistory.php?patient_id=1836&location=127&yf=2015&mf=09&df=09&yt=2015&mt=09&dt=09&ip=0&labsection=0,53,127,2.91,X,X,X
"2015-09-10 00:28:37",reports_testhistory,from=2015-09-09&to=2015-09-09&ip=0&viz=,reports_testhistory.php?patient_id=1836&location=127&yf=2015&mf=09&df=09&yt=2015&mt=09&dt=09&ip=0&labsection=0,53,127,2.91,X,X,X
"2015-09-10 00:28:50",reports_testhistory,from=2015-09-09&to=2015-09-09&ip=0&viz=,reports_testhistory.php?patient_id=1836&location=127&yf=2015&mf=09&df=09&yt=2015&mt=09&dt=09&ip=0&labsection=0,53,127,2.91,X,X,X
"2015-09-10 00:31:33",reports_testhistory,from=2015-09-09&to=2015-09-09&ip=0&viz=,reports_testhistory.php?patient_id=1836&location=127&yf=2015&mf=09&df=09&yt=2015&mt=09&dt=09&ip=0&labsection=0,53,127,2.91,X,X,X
"2015-09-10 00:32:26",reports_testhistory,from=2015-09-09&to=2015-09-09&ip=0&viz=,reports_testhistory.php?patient_id=1836&location=127&yf=2015&mf=09&df=09&yt=2015&mt=09&dt=09&ip=0&labsection=0,53,127,2.91,X,X,X
"2015-09-10 00:32:56",reports_testhistory,from=2015-09-09&to=2015-09-09&ip=0&viz=,reports_testhistory.php?patient_id=1836&location=127&yf=2015&mf=09&df=09&yt=2015&mt=09&dt=09&ip=0&labsection=0,53,127,2.91,X,X,X
"2015-09-10 00:37:17",reports_testhistory,from=2015-09-09&to=2015-09-09&ip=0&viz=,reports_testhistory.php?patient_id=1836&location=127&yf=2015&mf=09&df=09&yt=2015&mt=09&dt=09&ip=0&labsection=0,53,127,2.91,X,X,X
"2015-09-10 00:37:30",reports_testhistory,from=2015-09-09&to=2015-09-09&ip=0&viz=,reports_testhistory.php?patient_id=1836&location=127&yf=2015&mf=09&df=09&yt=2015&mt=09&dt=09&ip=0&labsection=0,53,127,2.91,X,X,X
"2015-09-10 00:42:43",reports_testhistory,from=2015-09-09&to=2015-09-09&ip=0&viz=,reports_testhistory.php?patient_id=1836&location=127&yf=2015&mf=09&df=09&yt=2015&mt=09&dt=09&ip=0&labsection=0,53,127,2.91,X,X,X
"2015-09-10 00:45:15",reports_testhistory,from=2015-09-09&to=2015-09-09&ip=0&viz=,reports_testhistory.php?patient_id=1836&location=127&yf=2015&mf=09&df=09&yt=2015&mt=09&dt=09&ip=0&labsection=0,53,127,2.91,X,X,X
"2015-09-10 00:46:29",reports_testhistory,from=2015-09-09&to=2015-09-09&ip=0&viz=,reports_testhistory.php?patient_id=1836&location=127&yf=2015&mf=09&df=09&yt=2015&mt=09&dt=09&ip=0&labsection=0,53,127,2.91,X,X,X
"2015-09-10 00:46:56",reports_testhistory,from=2015-09-09&to=2015-09-09&ip=0&viz=,reports_testhistory.php?patient_id=1836&location=127&yf=2015&mf=09&df=09&yt=2015&mt=09&dt=09&ip=0&labsection=0,53,127,2.91,X,X,X
"2015-09-10 00:52:46",reports_testhistory,from=2015-09-09&to=2015-09-09&ip=0&viz=,reports_testhistory.php?patient_id=1836&location=127&yf=2015&mf=09&df=09&yt=2015&mt=09&dt=09&ip=0&labsection=0,53,127,2.91,X,X,X
"2015-09-10 00:53:06",reports_testhistory,from=2015-09-09&to=2015-09-09&ip=0&viz=,reports_testhistory.php?patient_id=1836&location=127&yf=2015&mf=09&df=09&yt=2015&mt=09&dt=09&ip=0&labsection=0,53,127,2.91,X,X,X
"2015-09-10 00:57:34",reports_testhistory,from=2015-09-09&to=2015-09-09&ip=0&viz=,reports_testhistory.php?patient_id=1836&location=127&yf=2015&mf=09&df=09&yt=2015&mt=09&dt=09&ip=0&labsection=0,53,127,2.91,X,X,X
"2015-09-10 00:57:56",reports_testhistory,from=2015-09-09&to=2015-09-09&ip=0&viz=,reports_testhistory.php?patient_id=1836&location=127&yf=2015&mf=09&df=09&yt=2015&mt=09&dt=09&ip=0&labsection=0,53,127,2.91,X,X,X
"2015-09-10 00:58:45",reports_testhistory,from=2015-09-09&to=2015-09-09&ip=0&viz=,reports_testhistory.php?patient_id=1836&location=127&yf=2015&mf=09&df=09&yt=2015&mt=09&dt=09&ip=0&labsection=0,53,127,2.91,X,X,X
"2015-09-10 01:00:27",reports_testhistory,from=2015-09-09&to=2015-09-09&ip=0&viz=,reports_testhistory.php?patient_id=1836&location=127&yf=2015&mf=09&df=09&yt=2015&mt=09&dt=09&ip=0&labsection=0,53,127,2.91,X,X,X
"2015-09-10 01:00:38",reports_testhistory,from=2015-09-09&to=2015-09-09&ip=0&viz=,reports_testhistory.php?patient_id=1836&location=127&yf=2015&mf=09&df=09&yt=2015&mt=09&dt=09&ip=0&labsection=0,53,127,2.91,X,X,X
"2015-09-10 11:00:14",lab_config_home,X,lab_config_home.php?id=127,53,127,2.91,X,X,X
"2015-09-10 11:00:21",view_stocks,X,view_stocks,53,127,2.91,X,X,X
"2015-09-10 11:03:32",result_entry_patient_dyn,op=1&qr=a,result_entry_patient_dyn,53,127,2.91,X,X,X
"2015-09-11 13:15:42",lab_config_home,X,lab_config_home.php?id=127,53,127,2.91,X,X,X
"2015-09-11 13:15:47",view_stocks,X,view_stocks,53,127,2.91,X,X,X
"2015-09-11 13:16:24",catalog,X,catalog,53,127,2.91,X,X,X
"2015-09-11 13:29:25",search,X,search,53,127,2.91,X,X,X
"2015-09-11 13:29:27",search_p_dyn,op=1&qr=a,search_p_dyn,53,127,2.91,X,X,X
"2015-09-11 13:29:37",result_entry_patient_dyn,op=1&qr=a,result_entry_patient_dyn,53,127,2.91,X,X,X
"2015-09-11 13:29:50",result_entry_patient_lab_section,labSectionId=1,result_entry_patient_lab_section,53,127,2.91,X,X,X
"2015-09-11 13:32:22",result_entry_patient_dyn,op=1&qr=a,result_entry_patient_dyn,53,127,2.91,X,X,X
"2015-09-11 13:32:54",result_entry_patient_dyn,op=1&qr=a,result_entry_patient_dyn,53,127,2.91,X,X,X
"2015-09-11 13:36:55",result_entry_patient_dyn,op=1&qr=a,result_entry_patient_dyn,53,127,2.91,X,X,X
"2015-09-11 13:36:58",result_entry_patient_dyn,op=1&qr=a,result_entry_patient_dyn,53,127,2.91,X,X,X
"2015-09-11 13:46:03",reports,X,reports,53,127,2.91,X,X,X
"2015-09-11 13:46:06",search_p_dyn,op=1&qr=a,search_p_dyn,53,127,2.91,X,X,X
"2015-09-11 13:46:09",reports_testhistory,from=2015-09-11&to=2015-09-11&ip=0&viz=,reports_testhistory.php?patient_id=1836&location=127&yf=2015&mf=09&df=11&yt=2015&mt=09&dt=11&ip=0&labsection=0,53,127,2.91,X,X,X
"2015-09-11 13:47:58",reports_testhistory,from=2015-09-11&to=2015-09-11&ip=0&viz=,reports_testhistory.php?patient_id=1836&location=127&yf=2015&mf=09&df=11&yt=2015&mt=09&dt=11&ip=0&labsection=0,53,127,2.91,X,X,X
"2015-09-11 13:48:04",reports,X,reports,53,127,2.91,X,X,X
"2015-09-11 13:48:09",search_p_dyn,op=1&qr=a,search_p_dyn,53,127,2.91,X,X,X
"2015-09-11 13:48:12",reports_testhistory,from=2015-09-11&to=2015-09-11&ip=0&viz=,reports_testhistory.php?patient_id=1836&location=127&yf=2015&mf=09&df=11&yt=2015&mt=09&dt=11&ip=0&labsection=0,53,127,2.91,X,X,X
"2015-09-11 13:48:56",reports_testhistory,from=2015-09-11&to=2015-09-11&ip=0&viz=,reports_testhistory.php?patient_id=1836&location=127&yf=2015&mf=09&df=11&yt=2015&mt=09&dt=11&ip=0&labsection=0,53,127,2.91,X,X,X
"2015-09-11 13:49:17",reports_testhistory,from=2015-09-11&to=2015-09-11&ip=0&viz=,reports_testhistory.php?patient_id=1836&location=127&yf=2015&mf=09&df=11&yt=2015&mt=09&dt=11&ip=0&labsection=0,53,127,2.91,X,X,X
"2015-09-11 13:49:25",reports_testhistory,from=2015-09-11&to=2015-09-11&ip=0&viz=,reports_testhistory.php?patient_id=1836&location=127&yf=2015&mf=09&df=11&yt=2015&mt=09&dt=11&ip=0&labsection=0,53,127,2.91,X,X,X
"2015-09-11 13:49:50",reports_testhistory,from=2015-09-11&to=2015-09-11&ip=0&viz=,reports_testhistory.php?patient_id=1836&location=127&yf=2015&mf=09&df=11&yt=2015&mt=09&dt=11&ip=0&labsection=0,53,127,2.91,X,X,X
"2015-09-11 13:51:15",reports_testhistory,from=2015-09-11&to=2015-09-11&ip=0&viz=,reports_testhistory.php?patient_id=1836&location=127&yf=2015&mf=09&df=11&yt=2015&mt=09&dt=11&ip=0&labsection=0,53,127,2.91,X,X,X
"2015-09-11 13:51:32",reports_testhistory,from=2015-09-11&to=2015-09-11&ip=0&viz=,reports_testhistory.php?patient_id=1836&location=127&yf=2015&mf=09&df=11&yt=2015&mt=09&dt=11&ip=0&labsection=0,53,127,2.91,X,X,X
"2015-09-11 13:53:42",reports_testhistory,from=2015-09-11&to=2015-09-11&ip=0&viz=,reports_testhistory.php?patient_id=1836&location=127&yf=2015&mf=09&df=11&yt=2015&mt=09&dt=11&ip=0&labsection=0,53,127,2.91,X,X,X
"2015-09-11 13:53:51",reports_testhistory,from=2015-09-11&to=2015-09-11&ip=0&viz=,reports_testhistory.php?patient_id=1836&location=127&yf=2015&mf=09&df=11&yt=2015&mt=09&dt=11&ip=0&labsection=0,53,127,2.91,X,X,X
"2015-09-11 13:56:33",result_entry_patient_dyn,op=1&qr=aish,result_entry_patient_dyn,53,127,2.91,X,X,X
"2015-09-11 13:57:13",result_entry_patient_dyn,op=1&qr=a,result_entry_patient_dyn,53,127,2.91,X,X,X
"2015-09-11 13:58:50",result_entry_patient_dyn,op=1&qr=a,result_entry_patient_dyn,53,127,2.91,X,X,X
"2015-09-11 14:03:23",result_entry_patient_dyn,op=1&qr=a,result_entry_patient_dyn,53,127,2.91,X,X,X
"2015-09-11 14:04:55",result_entry_patient_dyn,op=1&qr=a,result_entry_patient_dyn,53,127,2.91,X,X,X
"2015-09-11 14:06:43",result_entry_patient_dyn,op=1&qr=a,result_entry_patient_dyn,53,127,2.91,X,X,X
"2015-09-11 14:11:21",result_entry_patient_dyn,op=1&qr=a,result_entry_patient_dyn,53,127,2.91,X,X,X
"2015-09-11 14:13:22",result_entry_patient_dyn,op=1&qr=l,result_entry_patient_dyn,53,127,2.91,X,X,X
"2015-09-11 14:13:42",result_entry_patient_dyn,op=1&qr=a,result_entry_patient_dyn,53,127,2.91,X,X,X
"2015-09-11 14:13:49",lab_config_home,X,lab_config_home.php?id=127,53,127,2.91,X,X,X
"2015-09-11 14:13:53",view_stocks,X,view_stocks,53,127,2.91,X,X,X
"2015-09-11 14:13:57",lab_config_home,X,lab_config_home.php?id=127&rcfgupdate=1,53,127,2.91,X,X,X
"2015-09-11 14:14:01",view_stocks,X,view_stocks,53,127,2.91,X,X,X
"2015-09-11 14:14:10",result_entry_patient_dyn,op=1&qr=a,result_entry_patient_dyn,53,127,2.91,X,X,X
"2015-09-11 14:22:13",result_entry_patient_lab_section,labSectionId=1,result_entry_patient_lab_section,53,127,2.91,X,X,X
"2015-09-11 14:23:58",result_entry_patient_dyn,op=1&qr=a,result_entry_patient_dyn,53,127,2.91,X,X,X
"2015-09-11 14:23:59",result_entry_patient_dyn,op=1&qr=a,result_entry_patient_dyn,53,127,2.91,X,X,X
"2015-09-11 14:25:45",result_entry_patient_dyn,op=1&qr=a,result_entry_patient_dyn,53,127,2.91,X,X,X
"2015-09-11 14:26:57",result_entry_patient_dyn,op=1&qr=a,result_entry_patient_dyn,53,127,2.91,X,X,X
"2015-09-11 14:27:17",result_entry_patient_dyn,op=3&qr=,result_entry_patient_dyn,53,127,2.91,X,X,X
"2015-09-11 14:27:21",result_entry_patient_dyn,op=0&qr=,result_entry_patient_dyn,53,127,2.91,X,X,X
"2015-09-11 14:27:23",result_entry_patient_dyn,op=0&qr=1,result_entry_patient_dyn,53,127,2.91,X,X,X
"2015-09-11 14:27:28",result_entry_patient_dyn,op=9&qr=1,result_entry_patient_dyn,53,127,2.91,X,X,X
"2015-09-11 14:27:33",result_entry_patient_dyn,op=10&qr=1,result_entry_patient_dyn,53,127,2.91,X,X,X
"2015-09-11 14:27:36",result_entry_patient_lab_section,labSectionId=5,result_entry_patient_lab_section,53,127,2.91,X,X,X
"2015-09-11 14:27:39",result_entry_patient_lab_section,labSectionId=1,result_entry_patient_lab_section,53,127,2.91,X,X,X
"2015-09-11 14:27:51",result_entry_patient_lab_section,labSectionId=12,result_entry_patient_lab_section,53,127,2.91,X,X,X
"2015-09-11 14:51:46",result_entry_patient_dyn,op=1&qr=a,result_entry_patient_dyn,53,127,2.91,X,X,X
"2015-09-11 14:52:33",result_entry_patient_dyn,op=1&qr=a,result_entry_patient_dyn,53,127,2.91,X,X,X
"2015-09-11 14:53:26",result_entry_patient_dyn,op=1&qr=a,result_entry_patient_dyn,53,127,2.91,X,X,X
"2015-09-11 14:54:01",result_entry_patient_dyn,op=1&qr=a,result_entry_patient_dyn,53,127,2.91,X,X,X
"2015-09-11 14:54:57",result_entry_patient_dyn,op=1&qr=a,result_entry_patient_dyn,53,127,2.91,X,X,X
"2015-09-11 14:55:25",result_entry_patient_dyn,op=1&qr=a,result_entry_patient_dyn,53,127,2.91,X,X,X
"2015-09-11 14:59:00",result_entry_patient_dyn,op=1&qr=a,result_entry_patient_dyn,53,127,2.91,X,X,X
"2015-09-11 15:00:04",result_entry_patient_lab_section,labSectionId=1,result_entry_patient_lab_section,53,127,2.91,X,X,X
"2015-09-11 15:02:36",result_entry_patient_dyn,op=1&qr=a,result_entry_patient_dyn,53,127,2.91,X,X,X
"2015-09-11 15:02:58",result_entry_patient_dyn,op=1&qr=a,result_entry_patient_dyn,53,127,2.91,X,X,X
"2015-09-11 15:03:03",result_entry_patient_dyn,op=1&qr=al,result_entry_patient_dyn,53,127,2.91,X,X,X
"2015-09-11 15:03:08",result_entry_patient_dyn,op=1&qr=alic,result_entry_patient_dyn,53,127,2.91,X,X,X
"2015-09-11 15:18:53",reports,X,reports,53,127,2.91,X,X,X
"2015-09-11 15:18:55",search_p_dyn,op=1&qr=a,search_p_dyn,53,127,2.91,X,X,X
"2015-09-11 15:18:58",reports_testhistory,from=2015-09-11&to=2015-09-11&ip=0&viz=,reports_testhistory.php?patient_id=1836&location=127&yf=2015&mf=09&df=11&yt=2015&mt=09&dt=11&ip=0&labsection=0,53,127,2.91,X,X,X
"2015-09-11 15:29:13",reports_testhistory,from=2015-09-11&to=2015-09-11&ip=0&viz=,reports_testhistory.php?patient_id=1836&location=127&yf=2015&mf=09&df=11&yt=2015&mt=09&dt=11&ip=0&labsection=0,53,127,2.91,X,X,X
"2015-09-11 16:07:33",lab_config_home,X,lab_config_home.php?id=127,53,127,2.91,X,X,X
"2015-09-11 16:07:36",view_stocks,X,view_stocks,53,127,2.91,X,X,X
"2015-09-11 16:16:47",lab_config_home,X,lab_config_home.php?id=127,53,127,2.91,X,X,X
"2015-09-11 16:16:50",view_stocks,X,view_stocks,53,127,2.91,X,X,X
"2015-09-11 17:14:10",lab_config_home,X,lab_config_home.php?id=127,53,127,2.91,X,X,X
"2015-09-11 17:14:14",view_stocks,X,view_stocks,53,127,2.91,X,X,X
"2015-09-11 17:14:28",lab_config_home,X,lab_config_home.php?id=127,53,127,2.91,X,X,X
"2015-09-11 17:14:32",view_stocks,X,view_stocks,53,127,2.91,X,X,X
"2015-09-11 17:30:23",lab_config_home,X,lab_config_home.php?id=127,53,127,2.91,X,X,X
"2015-09-11 17:30:27",view_stocks,X,view_stocks,53,127,2.91,X,X,X
"2015-09-11 17:35:20",lab_config_home,X,lab_config_home.php?id=127,53,127,2.91,X,X,X
"2015-09-11 17:35:24",view_stocks,X,view_stocks,53,127,2.91,X,X,X
"2015-09-11 17:56:52",lab_config_home,X,lab_config_home.php?id=127,53,127,2.91,X,X,X
"2015-09-11 17:56:55",view_stocks,X,view_stocks,53,127,2.91,X,X,X
"2015-09-11 18:02:28",reports,X,reports,53,127,2.91,X,X,X
"2015-09-11 18:02:32",search_p_dyn,op=1&qr=a,search_p_dyn,53,127,2.91,X,X,X
"2015-09-11 18:02:35",reports_testhistory,from=2015-09-11&to=2015-09-11&ip=0&viz=,reports_testhistory.php?patient_id=1836&location=127&yf=2015&mf=09&df=11&yt=2015&mt=09&dt=11&ip=0&labsection=0,53,127,2.91,X,X,X
"2015-09-11 18:22:51",lab_config_home,X,lab_config_home.php?id=127,53,127,2.91,X,X,X
"2015-09-11 18:22:54",view_stocks,X,view_stocks,53,127,2.91,X,X,X
"2015-09-11 18:27:06",lab_config_home,X,lab_config_home.php?id=127,53,127,2.91,X,X,X
"2015-09-11 18:27:09",view_stocks,X,view_stocks,53,127,2.91,X,X,X
"2015-09-11 18:34:46",lab_config_home,X,lab_config_home.php?id=127,53,127,2.91,X,X,X
"2015-09-11 18:34:50",view_stocks,X,view_stocks,53,127,2.91,X,X,X
"2015-09-11 18:35:49",lab_config_home,X,lab_config_home.php?id=127,53,127,2.91,X,X,X
"2015-09-11 18:35:53",view_stocks,X,view_stocks,53,127,2.91,X,X,X
"2015-09-11 18:39:57",lab_config_home,X,lab_config_home.php?id=127,53,127,2.91,X,X,X
"2015-09-11 18:40:01",view_stocks,X,view_stocks,53,127,2.91,X,X,X
"2015-09-11 18:40:42",lab_config_home,X,lab_config_home.php?id=127,53,127,2.91,X,X,X
"2015-09-11 18:40:47",view_stocks,X,view_stocks,53,127,2.91,X,X,X
"2015-09-11 18:42:29",lab_config_home,X,lab_config_home.php?id=127,53,127,2.91,X,X,X
"2015-09-11 18:42:33",view_stocks,X,view_stocks,53,127,2.91,X,X,X
"2015-09-11 18:46:34",lab_config_home,X,lab_config_home.php?id=127,53,127,2.91,X,X,X
"2015-09-11 18:46:38",view_stocks,X,view_stocks,53,127,2.91,X,X,X
"2015-09-11 18:49:30",lab_config_home,X,lab_config_home.php?id=127,53,127,2.91,X,X,X
"2015-09-11 18:49:34",view_stocks,X,view_stocks,53,127,2.91,X,X,X
"2015-09-11 18:53:06",lab_config_home,X,lab_config_home.php?id=127,53,127,2.91,X,X,X
"2015-09-11 18:53:10",view_stocks,X,view_stocks,53,127,2.91,X,X,X
"2015-09-11 18:54:03",lab_config_home,X,lab_config_home.php?id=127,53,127,2.91,X,X,X
"2015-09-11 18:54:07",view_stocks,X,view_stocks,53,127,2.91,X,X,X
"2015-09-11 19:14:22",lab_config_home,X,lab_config_home.php?id=127,53,127,2.91,X,X,X
"2015-09-11 19:14:26",view_stocks,X,view_stocks,53,127,2.91,X,X,X
"2015-09-11 19:43:37",lab_config_home,X,lab_config_home.php?id=127,53,127,2.91,X,X,X
"2015-09-11 19:43:40",view_stocks,X,view_stocks,53,127,2.91,X,X,X
"2015-09-18 14:37:16",lab_config_home,X,lab_config_home.php?id=127,53,127,2.91,X,X,X
"2015-09-18 14:37:25",view_stocks,X,view_stocks,53,127,2.91,X,X,X
"2015-09-23 11:48:25",lab_config_home,X,lab_config_home.php?id=127,53,127,2.91,X,X,X
"2015-09-23 11:48:30",view_stocks,X,view_stocks,53,127,2.91,X,X,X
"2015-09-23 12:57:24",lab_config_home,X,lab_config_home.php?id=127,53,127,2.91,X,X,X
"2015-09-23 12:57:27",view_stocks,X,view_stocks,53,127,2.91,X,X,X
"2015-09-23 13:12:24",lab_config_home,X,lab_config_home.php?id=127,53,127,2.91,X,X,X
"2015-09-23 13:12:28",view_stocks,X,view_stocks,53,127,2.91,X,X,X
"2015-09-23 13:15:08",lab_config_home,X,lab_config_home.php?id=127,53,127,2.91,X,X,X
"2015-09-23 13:15:11",view_stocks,X,view_stocks,53,127,2.91,X,X,X
"2015-09-23 13:17:11",lab_config_home,X,lab_config_home.php?id=127,53,127,2.91,X,X,X
"2015-09-23 13:17:15",view_stocks,X,view_stocks,53,127,2.91,X,X,X
"2015-09-23 13:19:57",lab_config_home,X,lab_config_home.php?id=127,,,2.91,X,X,X
"2015-09-23 13:20:24",lab_config_home,X,lab_config_home.php?id=127,53,127,2.91,X,X,X
"2015-09-23 13:20:27",view_stocks,X,view_stocks,53,127,2.91,X,X,X
"2015-09-23 13:26:12",lab_config_home,X,lab_config_home.php?id=127,53,127,2.91,X,X,X
"2015-09-23 13:26:15",view_stocks,X,view_stocks,53,127,2.91,X,X,X
"2015-09-23 13:28:27",lab_config_home,X,lab_config_home.php?id=127,53,127,2.91,X,X,X
"2015-09-23 13:28:30",view_stocks,X,view_stocks,53,127,2.91,X,X,X
"2015-09-23 13:33:01",lab_config_home,X,lab_config_home.php?id=127,53,127,2.91,X,X,X
"2015-09-23 13:33:04",view_stocks,X,view_stocks,53,127,2.91,X,X,X
"2015-09-23 13:47:46",lab_config_home,X,lab_config_home.php?id=127,53,127,2.91,X,X,X
"2015-09-23 13:47:50",view_stocks,X,view_stocks,53,127,2.91,X,X,X
"2015-09-23 13:50:20",lab_config_home,X,lab_config_home.php?id=127,53,127,2.91,X,X,X
"2015-09-23 13:50:23",view_stocks,X,view_stocks,53,127,2.91,X,X,X
"2015-09-23 13:56:31",lab_config_home,X,lab_config_home.php?id=127,53,127,2.91,X,X,X
"2015-09-23 13:56:34",view_stocks,X,view_stocks,53,127,2.91,X,X,X
"2015-09-23 13:59:34",lab_config_home,X,lab_config_home.php?id=127,53,127,2.91,X,X,X
"2015-09-23 13:59:37",view_stocks,X,view_stocks,53,127,2.91,X,X,X
"2015-09-23 14:07:20",lab_config_home,X,lab_config_home.php?id=127,53,127,2.91,X,X,X
"2015-09-23 14:07:24",view_stocks,X,view_stocks,53,127,2.91,X,X,X
"2015-09-23 14:19:05",lab_config_home,X,lab_config_home.php?id=127,53,127,2.91,X,X,X
"2015-09-23 14:19:08",view_stocks,X,view_stocks,53,127,2.91,X,X,X
"2015-09-23 14:21:19",lab_config_home,X,lab_config_home.php?id=127,53,127,2.91,X,X,X
"2015-09-23 14:21:23",view_stocks,X,view_stocks,53,127,2.91,X,X,X
"2015-09-23 14:21:54",lab_config_home,X,lab_config_home.php?id=127,53,127,2.91,X,X,X
"2015-09-23 14:21:57",view_stocks,X,view_stocks,53,127,2.91,X,X,X
"2015-09-23 14:27:32",lab_config_home,X,lab_config_home.php?id=127,53,127,2.91,X,X,X
"2015-09-23 14:27:36",view_stocks,X,view_stocks,53,127,2.91,X,X,X
"2015-09-23 14:28:23",lab_config_home,X,lab_config_home.php?id=127,53,127,2.91,X,X,X
"2015-09-23 14:28:28",view_stocks,X,view_stocks,53,127,2.91,X,X,X
"2015-09-23 14:29:10",lab_config_home,X,lab_config_home.php?id=127,53,127,2.91,X,X,X
"2015-09-23 14:29:14",view_stocks,X,view_stocks,53,127,2.91,X,X,X
"2015-09-23 14:29:21",lab_config_home,X,lab_config_home.php?id=127,53,127,2.91,X,X,X
"2015-09-23 14:29:24",view_stocks,X,view_stocks,53,127,2.91,X,X,X
"2015-09-23 14:36:50",lab_config_home,X,lab_config_home.php?id=127,53,127,2.91,X,X,X
"2015-09-23 14:42:15",lab_config_home,X,lab_config_home.php?id=127,53,127,2.91,X,X,X
"2015-09-23 14:42:18",view_stocks,X,view_stocks,53,127,2.91,X,X,X
"2015-09-23 14:44:30",reports,X,reports,53,127,2.91,X,X,X
"2015-09-23 14:44:50",reports_specimen_count_grouped,from=2014-12-27&to=2015-09-23,reports_specimencount_grouped,53,127,2.91,X,X,X
"2015-09-23 14:45:04",reports_test_count_grouped,from=2014-12-27&to=2015-09-23,reports_testcount_grouped,53,127,2.91,X,X,X
"2015-09-23 14:48:31",reports,X,reports,53,,2.91,X,X,X
"2015-09-23 14:48:34",reports_test_count_grouped,from=2014-12-27&to=2015-09-23,reports_testcount_grouped,53,127,2.91,X,X,X
"2015-09-23 14:50:36",reports_test_count_grouped,from=2015-01-01&to=2015-09-23,reports_testcount_grouped,53,127,2.91,X,X,X
"2015-09-23 14:52:21",lab_config_home,X,lab_config_home.php?id=127,53,127,2.91,X,X,X
"2015-09-23 14:52:25",view_stocks,X,view_stocks,53,127,2.91,X,X,X
"2015-09-23 14:53:09",reports,X,reports,53,127,2.91,X,X,X
"2015-09-23 14:53:53",lab_config_home,X,lab_config_home.php?id=127,53,127,2.91,X,X,X
"2015-09-23 14:53:56",reports,X,reports,53,127,2.91,X,X,X
"2015-09-23 14:53:57",view_stocks,X,view_stocks,53,127,2.91,X,X,X
"2015-09-23 14:54:01",lab_config_home,X,lab_config_home.php?id=127,53,127,2.91,X,X,X
"2015-09-23 14:54:04",view_stocks,X,view_stocks,53,127,2.91,X,X,X
"2015-09-23 14:54:11",reports,X,reports,53,127,2.91,X,X,X
"2015-09-23 14:54:24",lab_config_home,X,lab_config_home.php?id=127,53,127,2.91,X,X,X
"2015-09-23 14:54:28",reports,X,reports,53,127,2.91,X,X,X
"2015-09-23 14:54:29",reports,X,reports,53,127,2.91,X,X,X
"2015-09-23 14:54:39",reports_test_count_grouped,from=2015-09-01&to=2015-09-23,reports_testcount_grouped,53,127,2.91,X,X,X
"2015-09-23 14:55:51",lab_config_home,X,lab_config_home.php?id=127,53,127,2.91,X,X,X
"2015-09-23 14:55:54",view_stocks,X,view_stocks,53,127,2.91,X,X,X
"2015-09-23 14:56:42",lab_config_home,X,lab_config_home.php?id=127,53,127,2.91,X,X,X
"2015-09-23 14:56:46",view_stocks,X,view_stocks,53,127,2.91,X,X,X
"2015-09-23 15:01:15",reports,X,reports,53,127,2.91,X,X,X
"2015-09-23 15:01:19",reports_test_count_grouped,from=2015-09-01&to=2015-09-23,reports_testcount_grouped,53,127,2.91,X,X,X
"2015-09-23 15:02:27",reports_test_count_grouped,from=2015-09-15&to=2015-09-23,reports_testcount_grouped,53,127,2.91,X,X,X
"2015-09-23 15:07:21",lab_config_home,X,lab_config_home.php?id=127,53,127,2.91,X,X,X
"2015-09-23 15:07:24",view_stocks,X,view_stocks,53,127,2.91,X,X,X
"2015-09-23 15:12:50",lab_config_home,X,lab_config_home.php?id=127,53,127,2.91,X,X,X
"2015-09-23 15:12:54",view_stocks,X,view_stocks,53,127,2.91,X,X,X
"2015-09-23 15:13:07",reports,X,reports,53,127,2.91,X,X,X
"2015-09-23 15:13:17",lab_config_home,X,lab_config_home.php?id=127,53,127,2.91,X,X,X
"2015-09-23 15:13:20",view_stocks,X,view_stocks,53,127,2.91,X,X,X
"2015-09-23 15:14:10",lab_config_home,X,lab_config_home.php?id=127,53,127,2.91,X,X,X
"2015-09-23 15:14:14",view_stocks,X,view_stocks,53,127,2.91,X,X,X
"2015-09-23 22:45:51",lab_config_home,X,lab_config_home.php?id=127,53,127,2.91,X,X,X
"2015-09-23 22:45:55",view_stocks,X,view_stocks,53,127,2.91,X,X,X
"2015-09-23 22:50:25",lab_config_home,X,lab_config_home.php?id=127,53,127,2.91,X,X,X
"2015-09-23 22:50:28",view_stocks,X,view_stocks,53,127,2.91,X,X,X
"2015-09-23 22:51:58",lab_config_home,X,lab_config_home.php?id=127,53,127,2.91,X,X,X
"2015-09-23 22:52:01",view_stocks,X,view_stocks,53,127,2.91,X,X,X
"2015-09-23 22:59:30",lab_config_home,X,lab_config_home.php?id=127,53,127,2.91,X,X,X
"2015-09-23 22:59:34",view_stocks,X,view_stocks,53,127,2.91,X,X,X
"2015-09-23 23:43:10",lab_config_home,X,lab_config_home.php?id=127,53,127,2.91,X,X,X
"2015-09-23 23:43:15",view_stocks,X,view_stocks,53,127,2.91,X,X,X
"2015-09-23 23:43:50",lab_config_home,X,lab_config_home.php?id=127,53,127,2.91,X,X,X
"2015-09-23 23:43:54",view_stocks,X,view_stocks,53,127,2.91,X,X,X
"2015-09-23 23:44:53",lab_config_home,X,lab_config_home.php?id=127,53,127,2.91,X,X,X
"2015-09-23 23:44:58",view_stocks,X,view_stocks,53,127,2.91,X,X,X
"2015-09-23 23:45:05",lab_config_home,X,lab_config_home.php?id=127,53,127,2.91,X,X,X
"2015-09-23 23:45:10",view_stocks,X,view_stocks,53,127,2.91,X,X,X
"2015-09-23 23:46:29",lab_config_home,X,lab_config_home.php?id=127,53,127,2.91,X,X,X
"2015-09-23 23:46:32",view_stocks,X,view_stocks,53,127,2.91,X,X,X
"2015-09-23 23:46:47",lab_config_home,X,lab_config_home.php?id=127,53,127,2.91,X,X,X
"2015-09-23 23:46:51",view_stocks,X,view_stocks,53,127,2.91,X,X,X
"2015-09-23 23:47:28",lab_config_home,X,lab_config_home.php?id=127,53,127,2.91,X,X,X
"2015-09-23 23:47:31",view_stocks,X,view_stocks,53,127,2.91,X,X,X
"2015-09-23 23:51:03",lab_config_home,X,lab_config_home.php?id=127,53,127,2.91,X,X,X
"2015-09-23 23:51:06",view_stocks,X,view_stocks,53,127,2.91,X,X,X
"2015-09-23 23:52:39",lab_config_home,X,lab_config_home.php?id=127,53,127,2.91,X,X,X
"2015-09-23 23:52:42",view_stocks,X,view_stocks,53,127,2.91,X,X,X
"2015-09-24 00:14:00",lab_config_home,X,lab_config_home.php?id=127,53,127,2.91,X,X,X
"2015-09-24 00:14:22",lab_config_home,X,lab_config_home.php?id=127,53,127,2.91,X,X,X
"2015-09-24 00:14:26",view_stocks,X,view_stocks,53,127,2.91,X,X,X
"2015-09-24 00:17:36",lab_config_home,X,lab_config_home.php?id=127,53,127,2.91,X,X,X
"2015-09-24 00:17:39",view_stocks,X,view_stocks,53,127,2.91,X,X,X
"2015-09-24 00:18:52",lab_config_home,X,lab_config_home.php?id=127,53,127,2.91,X,X,X
"2015-09-24 00:18:55",view_stocks,X,view_stocks,53,127,2.91,X,X,X
"2015-09-24 00:24:12",lab_config_home,X,lab_config_home.php?id=127,53,127,2.91,X,X,X
"2015-09-24 00:24:16",view_stocks,X,view_stocks,53,127,2.91,X,X,X
"2015-09-24 00:24:34",lab_config_home,X,lab_config_home.php?id=127,53,127,2.91,X,X,X
"2015-09-24 00:24:38",view_stocks,X,view_stocks,53,127,2.91,X,X,X
"2015-09-24 00:28:30",lab_config_home,X,lab_config_home.php?id=127,53,127,2.91,X,X,X
"2015-09-24 00:28:35",view_stocks,X,view_stocks,53,127,2.91,X,X,X
"2015-09-24 00:31:13",lab_config_home,X,lab_config_home.php?id=127,53,127,2.91,X,X,X
"2015-09-24 00:31:17",view_stocks,X,view_stocks,53,127,2.91,X,X,X
"2015-09-24 00:32:25",lab_config_home,X,lab_config_home.php?id=127,53,127,2.91,X,X,X
"2015-09-24 00:32:30",view_stocks,X,view_stocks,53,127,2.91,X,X,X
"2015-09-24 00:47:16",catalog,X,catalog,53,127,2.91,X,X,X
"2015-09-24 00:47:21",lab_config_home,X,lab_config_home.php?id=127,53,127,2.91,X,X,X
"2015-09-24 09:29:40",lab_config_home,X,lab_config_home.php?id=127,53,127,2.91,X,X,X
"2015-09-24 09:29:49",view_stocks,X,view_stocks,53,127,2.91,X,X,X
"2015-09-24 11:05:53",lab_config_home,X,lab_config_home.php?id=127,53,127,2.91,X,X,X
"2015-09-24 11:05:57",view_stocks,X,view_stocks,53,127,2.91,X,X,X
"2015-09-24 11:08:32",lab_config_home,X,lab_config_home.php?id=127,53,127,2.91,X,X,X
"2015-09-24 11:08:35",view_stocks,X,view_stocks,53,127,2.91,X,X,X
"2015-09-24 11:11:11",lab_config_home,X,lab_config_home.php?id=127,53,127,2.91,X,X,X
"2015-09-24 11:11:15",view_stocks,X,view_stocks,53,127,2.91,X,X,X
"2015-09-24 11:14:52",lab_config_home,X,lab_config_home.php?id=127,53,127,2.91,X,X,X
"2015-09-24 11:14:55",view_stocks,X,view_stocks,53,127,2.91,X,X,X
"2015-09-24 11:15:32",lab_config_home,X,lab_config_home.php?id=127,53,127,2.91,X,X,X
"2015-09-24 11:15:35",view_stocks,X,view_stocks,53,127,2.91,X,X,X
"2015-09-24 15:17:11",lab_config_home,X,lab_config_home.php?id=127,53,127,2.91,X,X,X
"2015-09-24 15:17:21",view_stocks,X,view_stocks,53,127,2.91,X,X,X
"2015-09-24 15:30:06",lab_config_home,X,lab_config_home.php?id=127,53,127,2.91,X,X,X
"2015-09-24 15:30:12",view_stocks,X,view_stocks,53,127,2.91,X,X,X
"2015-09-24 15:41:15",reports,X,reports,53,127,2.91,X,X,X
"2015-09-24 15:41:20",reports_test_count_grouped,from=2014-12-28&to=2015-09-24,reports_testcount_grouped,53,127,2.91,X,X,X
"2015-09-24 15:43:59",lab_config_home,X,lab_config_home.php?id=127,53,127,2.91,X,X,X
"2015-09-24 15:44:03",view_stocks,X,view_stocks,53,127,2.91,X,X,X
"2015-09-30 21:04:51",lab_config_home,X,lab_config_home.php?id=127,53,127,2.91,X,X,X
"2015-09-30 21:04:56",view_stocks,X,view_stocks,53,127,2.91,X,X,X
"2015-10-01 00:17:33",lab_config_home,X,lab_config_home.php?id=127,53,127,2.91,X,X,X
"2015-10-01 00:17:36",view_stocks,X,view_stocks,53,127,2.91,X,X,X
"2015-10-01 00:38:10",lab_config_home,X,lab_config_home.php?id=127,53,127,2.91,X,X,X
"2015-10-01 00:38:14",view_stocks,X,view_stocks,53,127,2.91,X,X,X
"2015-10-01 00:38:41",lab_config_home,X,lab_config_home.php?id=127,53,127,2.91,X,X,X
"2015-10-01 00:38:46",view_stocks,X,view_stocks,53,127,2.91,X,X,X
"2015-10-01 00:39:15",lab_config_home,X,lab_config_home.php?id=127,53,127,2.91,X,X,X
"2015-10-01 00:39:20",view_stocks,X,view_stocks,53,127,2.91,X,X,X
"2015-10-01 00:40:13",lab_config_home,X,lab_config_home.php?id=127,53,127,2.91,X,X,X
"2015-10-01 00:40:17",view_stocks,X,view_stocks,53,127,2.91,X,X,X
"2015-10-01 00:40:53",lab_config_home,X,lab_config_home.php?id=127,53,127,2.91,X,X,X
"2015-10-01 00:40:58",view_stocks,X,view_stocks,53,127,2.91,X,X,X
"2015-10-01 00:41:20",lab_config_home,X,lab_config_home.php?id=127,53,127,2.91,X,X,X
"2015-10-01 00:41:24",view_stocks,X,view_stocks,53,127,2.91,X,X,X
"2015-10-01 00:42:36",lab_config_home,X,lab_config_home.php?id=127,53,127,2.91,X,X,X
"2015-10-01 00:42:40",view_stocks,X,view_stocks,53,127,2.91,X,X,X
"2015-10-01 00:43:26",lab_config_home,X,lab_config_home.php?id=127,53,127,2.91,X,X,X
"2015-10-01 00:43:30",view_stocks,X,view_stocks,53,127,2.91,X,X,X
"2015-10-01 00:44:40",lab_config_home,X,lab_config_home.php?id=127,53,127,2.91,X,X,X
"2015-10-01 00:44:44",view_stocks,X,view_stocks,53,127,2.91,X,X,X
"2015-10-01 00:52:32",lab_config_home,X,lab_config_home.php?id=127,53,127,2.91,X,X,X
"2015-10-01 00:52:37",view_stocks,X,view_stocks,53,127,2.91,X,X,X
"2015-10-01 20:08:27",lab_config_home,X,lab_config_home.php?id=127,53,127,2.91,X,X,X
"2015-10-01 20:08:32",view_stocks,X,view_stocks,53,127,2.91,X,X,X
"2015-10-01 20:33:38",lab_config_home,X,lab_config_home.php?id=127,53,127,2.91,X,X,X
"2015-10-01 20:33:41",view_stocks,X,view_stocks,53,127,2.91,X,X,X
"2015-10-01 20:40:33",lab_config_home,X,lab_config_home.php?id=127,53,127,2.91,X,X,X
"2015-10-01 20:40:37",view_stocks,X,view_stocks,53,127,2.91,X,X,X
"2015-10-01 20:42:30",lab_config_home,X,lab_config_home.php?id=127,53,127,2.91,X,X,X
"2015-10-01 20:42:33",view_stocks,X,view_stocks,53,127,2.91,X,X,X
"2015-10-01 20:42:59",lab_config_home,X,lab_config_home.php?id=127,53,127,2.91,X,X,X
"2015-10-01 20:43:02",view_stocks,X,view_stocks,53,127,2.91,X,X,X
"2015-10-01 20:43:53",lab_config_home,X,lab_config_home.php?id=127,53,127,2.91,X,X,X
"2015-10-01 20:43:56",view_stocks,X,view_stocks,53,127,2.91,X,X,X
"2015-10-01 20:44:28",lab_config_home,X,lab_config_home.php?id=127,53,127,2.91,X,X,X
"2015-10-01 20:44:32",view_stocks,X,view_stocks,53,127,2.91,X,X,X
"2015-10-01 20:45:07",lab_config_home,X,lab_config_home.php?id=127,53,127,2.91,X,X,X
"2015-10-01 20:45:10",view_stocks,X,view_stocks,53,127,2.91,X,X,X
"2015-10-01 20:45:52",lab_config_home,X,lab_config_home.php?id=127,53,127,2.91,X,X,X
"2015-10-01 20:45:55",view_stocks,X,view_stocks,53,127,2.91,X,X,X
"2015-10-01 20:46:37",lab_config_home,X,lab_config_home.php?id=127,53,127,2.91,X,X,X
"2015-10-01 20:46:40",view_stocks,X,view_stocks,53,127,2.91,X,X,X
"2015-10-01 20:48:43",lab_config_home,X,lab_config_home.php?id=127,53,127,2.91,X,X,X
"2015-10-01 20:48:46",view_stocks,X,view_stocks,53,127,2.91,X,X,X
"2015-10-01 20:49:19",lab_config_home,X,lab_config_home.php?id=127,53,127,2.91,X,X,X
"2015-10-01 20:49:22",view_stocks,X,view_stocks,53,127,2.91,X,X,X
"2015-10-01 20:49:50",lab_config_home,X,lab_config_home.php?id=127,53,127,2.91,X,X,X
"2015-10-01 20:49:54",view_stocks,X,view_stocks,53,127,2.91,X,X,X
"2015-10-01 20:55:49",lab_config_home,X,lab_config_home.php?id=127,53,127,2.91,X,X,X
"2015-10-01 20:55:53",view_stocks,X,view_stocks,53,127,2.91,X,X,X
"2015-10-01 20:56:24",lab_config_home,X,lab_config_home.php?id=127,53,127,2.91,X,X,X
"2015-10-01 20:56:27",view_stocks,X,view_stocks,53,127,2.91,X,X,X
"2015-10-01 21:26:17",lab_config_home,X,lab_config_home.php?id=127,53,127,2.91,X,X,X
"2015-10-01 21:26:20",view_stocks,X,view_stocks,53,127,2.91,X,X,X
"2015-10-01 21:27:24",lab_config_home,X,lab_config_home.php?id=127,53,127,2.91,X,X,X
"2015-10-01 21:27:28",view_stocks,X,view_stocks,53,127,2.91,X,X,X
"2015-10-01 21:29:01",lab_config_home,X,lab_config_home.php?id=127,53,127,2.91,X,X,X
"2015-10-01 21:29:04",view_stocks,X,view_stocks,53,127,2.91,X,X,X
"2015-10-01 21:34:21",lab_config_home,X,lab_config_home.php?id=127,53,127,2.91,X,X,X
"2015-10-01 21:34:24",view_stocks,X,view_stocks,53,127,2.91,X,X,X
"2015-10-01 21:34:59",lab_config_home,X,lab_config_home.php?id=127,53,127,2.91,X,X,X
"2015-10-01 21:35:02",view_stocks,X,view_stocks,53,127,2.91,X,X,X
"2015-10-01 21:35:32",lab_config_home,X,lab_config_home.php?id=127,53,127,2.91,X,X,X
"2015-10-01 21:35:36",view_stocks,X,view_stocks,53,127,2.91,X,X,X
"2015-10-01 21:38:05",lab_config_home,X,lab_config_home.php?id=127,53,127,2.91,X,X,X
"2015-10-01 21:38:37",lab_config_home,X,lab_config_home.php?id=127,53,127,2.91,X,X,X
"2015-10-01 21:39:02",lab_config_home,X,lab_config_home.php?id=127,53,127,2.91,X,X,X
"2015-10-01 21:39:46",lab_config_home,X,lab_config_home.php?id=127,53,127,2.91,X,X,X
"2015-10-01 21:40:24",lab_config_home,X,lab_config_home.php?id=127,53,127,2.91,X,X,X
"2015-10-01 21:40:28",view_stocks,X,view_stocks,53,127,2.91,X,X,X
"2015-10-01 21:52:15",lab_config_home,X,lab_config_home.php?id=127,53,127,2.91,X,X,X
"2015-10-01 21:52:19",view_stocks,X,view_stocks,53,127,2.91,X,X,X
"2015-10-01 23:06:58",lab_config_home,X,lab_config_home.php?id=127,53,127,2.91,X,X,X
"2015-10-01 23:07:01",view_stocks,X,view_stocks,53,127,2.91,X,X,X
"2015-10-02 01:14:00",lab_config_home,X,lab_config_home.php?id=127,53,127,2.91,X,X,X
"2015-10-02 01:14:03",view_stocks,X,view_stocks,53,127,2.91,X,X,X
"2015-10-02 01:15:14",lab_config_home,X,lab_config_home.php?id=127,53,127,2.91,X,X,X
"2015-10-02 01:15:18",view_stocks,X,view_stocks,53,127,2.91,X,X,X
"2015-10-02 01:15:52",lab_config_home,X,lab_config_home.php?id=127,53,127,2.91,X,X,X
"2015-10-02 01:15:55",view_stocks,X,view_stocks,53,127,2.91,X,X,X
"2015-10-02 01:17:46",lab_config_home,X,lab_config_home.php?id=127,53,127,2.91,X,X,X
"2015-10-02 01:17:50",view_stocks,X,view_stocks,53,127,2.91,X,X,X
"2015-10-02 01:18:07",lab_config_home,X,lab_config_home.php?id=127,53,127,2.91,X,X,X
"2015-10-02 01:18:10",view_stocks,X,view_stocks,53,127,2.91,X,X,X
"2015-10-02 01:18:38",lab_config_home,X,lab_config_home.php?id=127,53,127,2.91,X,X,X
"2015-10-02 01:18:41",view_stocks,X,view_stocks,53,127,2.91,X,X,X
"2015-10-02 01:19:23",lab_config_home,X,lab_config_home.php?id=127,53,127,2.91,X,X,X
"2015-10-02 01:19:26",view_stocks,X,view_stocks,53,127,2.91,X,X,X
"2015-10-02 01:21:14",lab_config_home,X,lab_config_home.php?id=127,53,127,2.91,X,X,X
"2015-10-02 01:21:17",view_stocks,X,view_stocks,53,127,2.91,X,X,X
"2015-10-02 01:22:44",lab_config_home,X,lab_config_home.php?id=127,53,127,2.91,X,X,X
"2015-10-02 01:22:48",view_stocks,X,view_stocks,53,127,2.91,X,X,X
"2015-10-02 01:24:04",lab_config_home,X,lab_config_home.php?id=127,53,127,2.91,X,X,X
"2015-10-02 01:24:08",view_stocks,X,view_stocks,53,127,2.91,X,X,X
"2015-10-02 01:24:31",lab_config_home,X,lab_config_home.php?id=127,53,127,2.91,X,X,X
"2015-10-02 01:24:34",view_stocks,X,view_stocks,53,127,2.91,X,X,X
"2015-10-02 01:25:27",lab_config_home,X,lab_config_home.php?id=127,53,127,2.91,X,X,X
"2015-10-02 01:25:30",view_stocks,X,view_stocks,53,127,2.91,X,X,X
"2015-10-02 01:25:58",lab_config_home,X,lab_config_home.php?id=127,53,127,2.91,X,X,X
"2015-10-02 01:26:02",view_stocks,X,view_stocks,53,127,2.91,X,X,X
"2015-10-02 01:26:40",lab_config_home,X,lab_config_home.php?id=127,53,127,2.91,X,X,X
"2015-10-02 01:26:44",view_stocks,X,view_stocks,53,127,2.91,X,X,X
"2015-10-02 01:32:51",lab_config_home,X,lab_config_home.php?id=127,53,127,2.91,X,X,X
"2015-10-02 01:32:55",view_stocks,X,view_stocks,53,127,2.91,X,X,X
"2015-10-02 01:46:29",lab_config_home,X,lab_config_home.php?id=127,53,127,2.91,X,X,X
"2015-10-02 01:46:33",view_stocks,X,view_stocks,53,127,2.91,X,X,X
"2015-10-02 02:13:40",reports,X,reports,53,127,2.91,X,X,X
"2015-10-02 02:13:50",search_p_dyn,op=1&qr=a,search_p_dyn,53,127,2.91,X,X,X
"2015-10-02 02:13:57",reports_testhistory,from=2015-10-02&to=2015-10-02&ip=0&viz=,reports_testhistory.php?patient_id=1836&location=127&yf=2015&mf=10&df=02&yt=2015&mt=10&dt=02&ip=0&labsection=0,53,127,2.91,X,X,X
"2015-10-02 03:06:22",lab_config_home,X,lab_config_home.php?id=127,53,127,2.91,X,X,X
"2015-10-02 03:06:31",view_stocks,X,view_stocks,53,127,2.91,X,X,X
"2015-10-02 03:24:05",reports,X,reports,53,127,2.91,X,X,X
"2015-10-02 03:24:09",reports,X,reports,53,127,2.91,X,X,X
"2015-10-02 03:24:14",search_p_dyn,op=1&qr=a,search_p_dyn,53,127,2.91,X,X,X
"2015-10-02 03:24:16",reports_testhistory,from=2015-10-02&to=2015-10-02&ip=0&viz=,reports_testhistory.php?patient_id=1836&location=127&yf=2015&mf=10&df=02&yt=2015&mt=10&dt=02&ip=0&labsection=0,53,127,2.91,X,X,X
"2015-10-02 03:25:55",reports_testhistory,from=2015-10-02&to=2015-10-02&ip=0&viz=,reports_testhistory.php?patient_id=1836&location=127&yf=2015&mf=10&df=02&yt=2015&mt=10&dt=02&ip=0&labsection=0,53,127,2.91,X,X,X
"2015-10-02 03:26:23",reports_testhistory,from=2015-10-02&to=2015-10-02&ip=0&viz=,reports_testhistory.php?patient_id=1836&location=127&yf=2015&mf=10&df=02&yt=2015&mt=10&dt=02&ip=0&labsection=0,53,127,2.91,X,X,X
"2015-10-02 03:30:32",reports_testhistory,from=2015-10-02&to=2015-10-02&ip=0&viz=,reports_testhistory.php?patient_id=1836&location=127&yf=2015&mf=10&df=02&yt=2015&mt=10&dt=02&ip=0&labsection=0,53,127,2.91,X,X,X
